Готика,готическ,средневеков,готик,романск,варварск,север,средневеков,готик
Готика,готическ,север,готик,готик,готик,собор,готическ,средневеков,город,город,собор,готическ,кладк
Готика,храм,собор,готик,собор,готическ,готическ,стрельчат,арк,нервюр,столб,стрельчат,контрфорс,свод,ажурн,стрельчат,окн
Готика,готик,ввысь,неб,готическ,арок,готическ,готическ
Готика,готик,ввысь,собор,средневеков,толст,контрфорс,собор,xii,романск,готик
Готика,готик,романск,каменн,кладк,свод,готик,стрельчат,арк,ребрист,свод,столб,контрфорс,аркам,стрельчат,арк,готик,ввысь,романск,арк,арок
Готика,готик,вес,каменн,кладк,сводов,каменн,нервюр,диагональн,позволя,кладк
Готика,готическ,контрфорс,вес,свод,кладк,контрфорс,узк,аркам,позволя,храм,арок,неб,готическ
Готика,готическ,соборов,романск,романск,аркам,готик,арк,узк,стрельчат,окн,готик,готическ,готик,готик,готическ,романск,готическ,варварск
Готика,готик,вес,каменн,романск,свод,вес,вес,свод,готическ,готик,вес,каменн,кладк,готическ,романск,свод,романск,сводов,свод,свод,свод,ажурн,свод,аркам,столб,свод,романск,свод,свод,романск,сводов,свод,толст,собор,готик,арк,стрельчат,арк,позволя,арк,свод,ребрист,свод,нервюр,диагональн,кладк
Готика,готическ,соборов,неб,арок,собор,собор,собор,романск,готическ,собор,арк,окн,ажурн,собор,собор,готическ,собор,средневеков,город
Готика,готик,средневеков,романск,готик,готик,романск,свод,храм,узк,сводов,свод,арок,готическ,средневеков,собор,окн,окн,средневеков,готическ,собор,средневеков,город,собор,храм,романск,готик
Готика,готическ,соборов,ажурн,готическ,готическ,средневеков,север,готическ,средневеков
Готика,готическ,ребрист,свод,готическ,средневеков,каменн,свод,толст,свод,xii,ребрист,свод,каменн,арк,диагональн,свод,готическ,соборов,xii,готическ,свод,соборов,сводов,узк,нервюр,толст,романск,готическ,свод,соборов,готическ,собор,ввысь
Готика,готик,xii,город,готическ,храм,готик,готическ,готическ,соборов,готик,готическ,готик,готик,готик,готик
Барокко,барокк,португальск,barocco,жемчужин,странн,проявлени,барокк,барокк,католицизм
Барокко,барокк,эффект,барочн
Барокко,барокк,барокк,эффект
Барокко,барокк,барокк,барокк
Барокко,барокк,драматизм,барокк,жемчужин,barocco
Барокко,барокк,странн,пластическ,пластическ
Барокко,барокк,пластическ,барокк,барокк,проявлени,отражен
Барокко,барокк,барокк,барокк,барокк,барокк
Барокко,барокк,барокк,жемчужин,барокк,предстает,барокк,пессимистическ,барокк,предстает,барочн,барокк,переносятс,барокк
Барокко,барокк,странн,барокк,пышност,барокк,барокк,предстает,многопланов,барокк,зрител,барокк,аллегорическ,эффект
Барокко,барокк,барокк,барокк,эффект,пластическ,барокк
Барокко,барокк,барокк,барокк,многопланов,драматизм,барокк,эффект
Барокко,барокк,пышност,барокк,католицизм,отражен,барокк,барочн,барочн,барочн,барочн,барокк
Барокко,barocco,португальск,жемчужин,странн,барочн,отражен,зрител,барочн,зрител
Барокко,барокк,барокк,барокк
Рококо,рокок,rococo,франци,правлени,филипп,орлеанск,рокок,двор,французск,аристократи,идиллическ,рокок,изысканность,комфорт,вниман,рокок,рокок,рокок,рокок
Рококо,рокок,обрамлени,зеркал,мебе,рокок,рокайль,стенах,потолках,вид,рокок,рокок,рокок,розов,голуб
Рококо,рокок,рокок,зеркал,стенах,потолках,рокок,рокок,получил,бавари,франци,людовик,рокок,аристократи,рокок,рокок
Рококо,рокок,франци,xviii,рокок,французск,rocaille,рокайль,франци,xviii,естественн,мебе,рокок,изысканность,декоративн,вниман,получил,рокок,рокайль,рокайль,гротов,естественн,рокок
Рококо,декоративн,рокок,франци,людовик,людовик,рокок,вид,обрамлени,раковин,рокайль,изысканность,рокок
Рококо,рокок,rococo,rocaille,декоративн,раковин,рокайль,франци,xviii,правлени,филипп,орлеанск,людовик,рокок,франци,аристократи,гедонистическ,иллюзорн,идиллическ,рокок,порожден,исключительн,двор,французск,аристократи,мебе,утонченн,утонченн,вид,позолот,декоративн
Рококо,рокок,рокок,утонченн,наслажден,китайск,рокок,рокок,изысканность,декоративн,вниман,комфорт,наивысш,получил,бавари,рокок,xviii,рокок,рокок,вид,декоративн,рокок
Рококо,рокок,кокетлив,обрамлени,рокок,вниман,рокок,вид,вид,рокайль,обрамлени
Рококо,рокок,рокок,китайск,французск,вид,зеркал,голуб,розов,позолот
Рококо,рокок,естественн,рокок,мебе,рокок,мебе,мебе,рокок,кокетлив
Рококо,рокок,rococo,rocaille,декоративн,раковин,рокайль,рокок,франци,xviii,филипп,орлеанск,рокок,декоративн,рокок,наслажден,рокок,наивысш,получил,рокок,франци,раковин,рокайль,гротов,естественн
Рококо,рокок,декоративн,франци,рокок,французск,rocaille,ракушкам,естественн,голуб,зелён,розов,зелён,розов,вид,китайск
Рококо,xviii,франци,рокок,rocaille,раковин,раковин,раковин,вид
Рококо,рокок,франци,французск,рокок,гедонистическ,наслажден,утонченн
Рококо,рокок,французск,аристократи,рокок,порожден,исключительн,двор,кокетлив,рокок,получил,раковин,рокок,правлени,людовик,xviii,людовик,франци,рокок,раковин
Классицизм,классицизм,классицизм,классицизм,классицизм
Классицизм,классицизм,классицизм,четк
Классицизм,классицизм,классицизм,классицизм
Классицизм,классицизм,правильн,классицизм,классицизм,античност,классицизм
Классицизм,классицизм,античност,классицизм,классицизм,классицизм
Классицизм,классицизм,классицизм,образцов,классицизм,классицизм,классицизм,классицизм,классицизм
Классицизм,четк,правильн,классицизм,античн,древн
Классицизм,классицизм,античн,древнегреческ,частн,образцов
Классицизм,классицизм,классицизм,античност,классицизм
Классицизм,классицизм,образцов,рим,классицизм,классицизм,античн,классицизм,классицизм,древн,рим
Классицизм,классицизм,древнегреческ,паллади,древн,рим,древн,классицизм
Классицизм,классицизм,античн,классицизм,античн,паллади,античн,частн,классицизм,подражани,древнегреческ
Классицизм,классицизм,классицизм,античн,классицизм,четк,паллади
Классицизм,классицизм,просвещени,античн,древнегреческ,античност,подражани
Классицизм,классицизм,правильн,античн,античн
Модерн,модерн,железобетон,керамик,архитекторов,модерн,изгибающихс,переплетов,изгиб,проемов,восток,модерн,дверн,проемов,модерн,влиян,модерн,материалов
Модерн,модерн,модерн,дверн,модерн,ирис,модерн,архитекторов,материалов,модерн
Модерн,модерн,модерн
Модерн,особ,модерн,модерн,социальн,противореч,рубеж,бельги
Модерн,модерн
Модерн,модерн,модерн,модерн,модерн,модерн,ш,дверн,проемов,поливн,облицовк,дверн,модерн
Модерн,модерн,изгибающихс,проемов,керамик,мотивов,модерн,восток,модерн,железобетон,материалов,архитекторов,ш,эклектизм,модерн,железобетон
Модерн,модерн,целостн,особ,модерн,проемов,переплетов,поливн,облицовк,проемов,дверн,проемов,мотивов,ирис,трав,модерн,модерн,железобетон
Модерн,модерн,график,модерн
Модерн,целостн,модерн
Модерн,особ,модерн,график,модерн,материалов
Модерн,модерн,бельги,модерн,график,изгиб
Модерн,модерн,дверн,модерн,модерн
Модерн,модерн,материалов,железобетон,керамик,облицовк,архитекторов
Модерн,модерн,модерн,модерн,мотивов,модерн,модерн
Хай-тек,хай-тек,создают,элементов
Хай-тек,технологи,функциональн,хай-тек,здани,данн,элементов,хай-тек,хай-тек,хай-тек,конструктивизм,британск,промышленн,хай-тек,максимальн,функциональн,хай-тек,конструкц
Хай-тек,хай-тек,металлическ,металлическ,каркас,жорж,помпид,жорж,помпид,ренц,ричард,роджерс,здани,хай-тек,инженерн,здани,здани
Хай-тек,хай-тек,технологи,применен,ричард,роджерс,ренц,пиан,новейш,технолог,использован,техническ,открыт,труб,элементов,инженерн,оборудовани,металлическ,конструкц,хай-тек,техническ,инженерн,оборудовани
Хай-тек,хай-тек,сегодн,хай-тек,новейш,технолог,оборудовани,хай-тек,хай-тек,промышленн,функциональн,элементов,инженерн,оборудовани,открыт,стеклянн,металлическ,промышленн,металлическ,каркас,техническ,труб,воздуховод,лифт
Хай-тек,хай-тек,данн,британск,ричард,роджерс,ренц,пиан,жорж,помпид,стеклянн,техническ,конструкц,трубопровод,лифт,здани,труб,лифт
Хай-тек,хай-тек,технологи,хай-тек,элементов,открыт,каркас,данн,труб,элементов,конструкц,данн,металлическ
Хай-тек,хай-тек,здани,данн
Хай-тек,хай-тек,использован,технолог,хай-тек,максимальн,использован,хай-тек,использован,техническ,технолог,использован,функциональн,элементов,лифт,здани,трубопровод
Хай-тек,хай-тек,металлическ,каркас,здани,хай-тек,создают,помпид,металлическ,каркас,здани
Хай-тек,хай-тек,данн,использован,конструктивизм,применен,металлическ,конструкц,здани,металлическ,хай-тек,инженерн,оборудовани,воздуховод,трубопровод,элементов
Хай-тек,хай-тек,металлическ,конструкц,инженерн,оборудовани,функциональн,труб,хай-тек,функциональн,применен,конструкц,инженерн,оборудовани,хай-тек,инженерн,оборудовани,хай-тек
Хай-тек,хай-тек,использован,хай-тек,открыт,труб,применен,использован,технолог,техническ
Хай-тек,здани,хай-тек,максимальн,конструкц,элементов,элементов,открыт,данн,металлическ,конструкц,данн,здани,здани,здани
Хай-тек,хай-тек,технолог,здани,создают,здани,британск,ричард,роджерс,ренц,пиан,жорж,помпид,стеклянн
Хай-тек,хай-тек,сегодн,функциональн,хай-тек
Хай-тек,здани,хай-тек,пиан,сегодн,хай-тек,технолог,хай-тек
Хай-тек,хай-тек,сегодн,максимальн,функциональн,применен,новейш,технолог,использован,промышленн,труб,воздуховод,стеклянн,элементов,хай-тек,сегодн,данн
Хай-тек,новейш,промышленн,конструктивизм,инженерн,конструкц,технологи
Классицизм,классицизм,античн,классицизм,классицизм,античн,классицизм,паллади,античн,частн
Модерн,модерн,влиян
Модерн,модерн,трав,модерн,материалов,модерн,изгиб,модерн
Модерн,модерн,влиян,рубеж,социальн,модерн
Модерн,модерн,модерн,модерн,социальн,противореч,модерн,влиян
Модерн,модерн,модерн,модерн,особ,социальн
Модерн,особ,модерн,социальн,противореч,рубеж,архитекторов,эклектизм,бельги,модерн,модерн,модерн,модерн
Модерн,модерн,рубеж,материалов,железобетон,архитекторов,особ
Модерн,модерн,изгибающихс,проемов,керамик,мотивов,модерн,восток
Модерн,модерн,железобетон,материалов,архитекторов,ш,эклектизм,модерн,железобетон,модерн,влиян
Модерн,модерн,целостн,особ,модерн,проемов,переплетов,поливн,облицовк,проемов,дверн,проемов,мотивов,ирис,трав,модерн
Барокко,барокк,пессимистическ,барокк,предстает,барочн,барокк,переносятс,барокк
Барокко,барокк,барокк,барокк
Барокко,барокк,католицизм,барокк,барокк,эффект,барокк,пышност
Барокко,барокк,барочн,многопланов,драматизм
Барокко,барокк,аллегорическ,барокк,барокк,переносятс,вычурность
Барокко,барокк,пышност,барочн,барокк
Барокко,барокк,барокк,барокк,вычурность,барокк,барокк,пессимистическ
Барокко,барокк,барокк,барокк,барокк,барокк
Барокко,барокк,зрител,барокк,аллегорическ
Барокко,barocco,странн,португальск,жемчужин,вычурность,барокк,барокк,проявлени,барокк,барокк,барокк,барокк
Рококо,рокок,rococo,франци,рокок,рокок,рокок,позолот,розов,голуб,зелён,рокок,рокайль,декоративн,ракушкам,гротов
Рококо,рокок,рокок,мебе,рокок,рокок,франци
Рококо,рокок,рокок,изысканность,декоративн,вниман,комфорт,иллюзорн,комфорт,рокок,рокок,голуб,зелён,розов,рокок,китайск,китайск,китайск,рокок
Рококо,рокок,франци,людовик,рокок,декоративн,рокок,наивысш,рокок,получил,бавари,рокок,франци,идиллическ,иллюзорн,аристократи,гедонистическ,рокок,порожден,исключительн,двор,французск,аристократи
Рококко,rocaille,дроблен,камень,раковин,ракушк,завиток,картель,применявшийс,картуш,картуш,использовалс,представлял,полуразвёрнут,свиток,бумаг,помещалс,герб,надпись,эмблем,меньш,заботилась,целесообразност,рациональност,чертам,игрив,необычн,орнаментальност,фигурн,отделк,кариатид,ставились,поддержани,свод,лишь,подпир,незначительн,выступ,зачаст,выполня,функци,фронтон,завершен,представл,ломающиес,выпукл,впал,лини,увенчиваютс,вазам,пирамидам,скульптурн,фигурам,т.п
Рококо,франци,рокок,рокок,позолот,мебе,потолках,стенах,позолот,зеркал,рокок
Рококо,рокок,декоративн,франци,рокок,французск,rocaille,ракушкам,гротов
Классицизм,классицизм,классицизм
Классицизм,классицизм,образцов,классицизм,классицизм,классицизм,античност,античн,рим,античн,классицизм,классицизм
Классицизм,классицизм,античн,классицизм,классицизм,античн
Классицизм,древнегреческ,классицизм,четк,классицизм,классицизм
Классицизм,классицизм,образцов,классицизм,классицизм,классицизм,классицизм
Классицизм,классицизм,просвещени,классицизм,четк,классицизм
Классицизм,классицизм,античност,античност,просвещени,древн,античн,классицизм,классицизм,классицизм,классицизм,правильн,четк
Классицизм,классицизм,подражани,античн,древн,древн,рим,античн,классицизм,классицизм
Классицизм,классицизм,частн,правильн,классицизм,классицизм
Классицизм,классицизм,классицизм,классицизм,античн,древн,древн,классицизм,классицизм,просвещени,классицизм
Классицизм,классицизм,классицизм,классицизм,классицизм,классицизм,классицизм,классицизм,классицизм,классицизм
Классицизм,классицизм,подражани,античност,классицизм,классицизм,частн,античн
Готика,готик,романск,готик,готик
Готика,готическ,xii,готик,готическ,готик,готик
Готика,готик,романск,готик,готическ,готическ,готик,романск
Готика,готическ,готическ,готическ
Готика,готик,готическ,готик,готическ,готическ,варварск,готическ
Готика,готик,готическ,сводов,окн,узк,неб
